versionToken,dictionaryID,locale
e41ec2b67d21e0d662262df023d4cfbae3872e8b,f7dc979d-f304-4d72-bef7-acbb0144ad86,en
97d170e1550eee4afc0af065b78cda302a97674c,e8d7e9dd-7a9a-40f5-b0fc-2655d3f9dfd6,en
97d170e1550eee4afc0af065b78cda302a97674c,9ffacabd-d972-46ce-b9bd-2ee3a68eecd6,en
07aac71050f7c204558d36e80007dc1375993e45,b10d7d9d-c8ee-4138-8224-1b7c87db0c4e,en
0f3ee7b7c9162eaea2a36bdb380dde4c68f3a4b0,65735224-d4dc-47ca-a414-114d9a7211b6,en
7a3d5f28d9656af26a96bc672c4dfd3d4a8e7720,e6c85563-39ef-4e25-bfda-8b41f435c44b,en
196e9ce247b7bf80ac54e3801387d01d42e9b36c,cd1aa6e8-bc93-4312-b43b-4cdf1835f09f,en
1465fe1856382600b1d88e8040a03f3508b37738,a928b63e-6152-4e68-8e91-b6e34bfc7739,en
07aac71050f7c204558d36e80007dc1375993e45,b10577b7-67a6-44e3-84de-d8fe8c10c959,en
686979fee40b63eff104bac61094b9e06e352f69,f8389fad-4b9a-414b-99cb-d5a6e3ac03d6,en